Data,Equalizacao,Eq D-1,SAO,Afluente,LZAM,Sanitario,Aeracao,Vol Eq,Vol Aera,Efluente D-1,phEntrada D-1,phNeutralizacao D-1,phEqualizacao D-1,phAeracao D-1,OD D-1,phEntrada,phNeutralizacao,phEqualizacao,phAeracao,OD,VLodoSD30,VAeracao,VEqualizacao,Efluente Final,DiasDescarte,Desenquadrou
2/19/2018,,,,,,,,632,708,,,,,,,,,,,,,,,143,16,0
2/20/2018,939,,,238,,,,574,650,143,,,,,,,,,,,,,,119,17,0
2/21/2018,1012,939,,169,3073,1306,,490,648,119,,,,,,,,,,,,,,133,18,0
2/22/2018,683,1012,25,160,,,,616,654,133,,,,,,,,,,,,,,123,19,0
2/23/2018,472,683,36,868,,,,730,674,123,,,,,,,,,,,,,,117,20,0
2/26/2018,397,472,,926,,,,606,658,117,,,,,,,,,,,,,,129,21,0
2/27/2018,429,397,62,899,,,,750,740,129,,,,,,,,,,,,,,278,22,1
2/28/2018,1152,429,76,1207,,,,752,712,278,,,,,,,,,,,,,,117,23,0
3/1/2018,616,1152,83,413,,,,752,712,117,,,,,,1.4,4,6,6.9,2.98,900,752,712,257,24,1
3/2/2018,483,616,97,2210,,,,,,257,1.4,4,6,6.9,2.98,6.7,7,7.5,7,3.06,940,714,664,138,25,0
3/3/2018,624,483,79,509,,,,,,138,6.7,7,7.5,7,3.06,,,,,,,,,88,26,0
3/5/2018,517,624,43,396,,,,,,88,,,,,,7.3,8,7,7,3.35,920,666,650,124,27,0
3/6/2018,443,517,57,85,,,,,,124,7.3,8,7,7,3.35,5.1,7.7,7.3,7.1,2.96,930,634,660,85,0,0
3/7/2018,641,443,51,1648,,,,,,85,5.1,7.7,7.3,7.1,2.96,5.4,2.6,7.3,7.1,3.06,890,628,656,105,1,0
3/8/2018,611,641,48,358,,,,,,105,5.4,2.6,7.3,7.1,3.06,,,,,,,,,105,2,0
3/9/2018,394,611,63,675,,,,,,105,,,,,,4.9,5,6.9,7.1,2.73,730,626,656,93,3,0
3/10/2018,265,394,30,1094,,,,514,650,93,4.9,5,6.9,7.1,2.73,2.4,4.5,7.6,7.3,3.27,810,514,650,53,4,0
3/12/2018,25,265,25,3500,,,,496,654,53,2.4,4.5,7.6,7.3,3.27,1.2,2,6,7,2.75,800,496,654,24,5,0
3/13/2018,230,25,198,3500,,,,356,660,24,1.2,2,6,7,2.75,1.8,2,7.2,7.1,2.83,700,356,660,124,6,0
3/14/2018,315,230,185,3500,,,,238,650,124,1.8,2,7.2,7.1,2.83,1.5,1.5,7,7.1,2.95,860,238,650,80,7,0
3/15/2018,1484,315,991,2141,,,,232,582,80,1.5,1.5,7,7.1,2.95,5,3,5.8,7,2.86,930,232,582,113,8,0
3/16/2018,1927,1484,742,3093,,,,198,596,113,5,3,5.8,7,2.86,2.1,2.7,6.9,7,2.73,880,198,596,157,9,0
3/17/2018,950,1927,416,922,,,,190,556,157,2.1,2.7,6.9,7,2.73,4.9,3.1,6.7,6.9,2.83,930,190,556,62,10,0
3/19/2018,1378,950,513,279,,,,272,532,62,4.9,3.1,6.7,6.9,2.83,2.9,2.6,6.5,7.1,2.91,930,272,532,60,11,0
3/20/2018,1454,1378,422,1600,,,,252,550,60,2.9,2.6,6.5,7.1,2.91,0.4,1,5.5,7.3,2.36,850,252,550,130,12,0
3/21/2018,1365,1454,375,2400,,,,194,564,130,0.4,1,5.5,7.3,2.36,0.7,1.5,3.5,7.4,2.87,810,194,564,96,13,0
3/22/2018,978,1365,25,59,831,388,,412,648,96,0.7,1.5,3.5,7.4,2.87,7,5,4.5,7.3,2.96,790,412,648,41,14,0
3/23/2018,644,978,19,1341,,,,664,664,41,7,5,4.5,7.3,2.96,3.7,7,7.5,7,2.98,780,664,644,90,15,0
3/24/2018,472,644,35,328,,,,620,640,90,3.7,7,7.5,7,2.98,4.8,3,7,6.9,2.87,800,620,640,63,16,0
3/26/2018,282,472,70,977,,,,656,640,63,4.8,3,7,6.9,2.87,4.5,5.5,7.2,7,2.8,800,656,640,78,17,0
3/27/2018,1079,282,40,834,,,,660,654,78,4.5,5.5,7.2,7,2.8,5.5,9,9.8,7.2,2.68,770,660,654,72,18,0
3/28/2018,1095,1079,25,159,,,,674,632,72,5.5,9,9.8,7.2,2.68,9,10,11,7.5,2.12,830,674,632,90,19,0
3/29/2018,1635,1095,25,215,,,,648,568,90,9,10,11,7.5,2.12,2.2,8,8.3,7.2,2.87,840,710,684,25,20,0
3/31/2018,792,1635,25,643,,,,710,684,25,2.2,8,8.3,7.2,2.87,,,,,,,,,107,21,0
4/2/2018,415,792,72,1587,,,,708,682,107,,,,,,3.2,3,8,7.1,2.56,750,708,682,138,22,0
4/4/2018,237,415,68,529,,,,734,710,138,3.2,3,8,7.1,2.56,3,4,7.5,7.2,2.98,730,734,710,117,23,0
4/5/2018,414,237,63,1077,,,,654,630,117,3,4,7.5,7.2,2.98,6.1,5.3,7.6,7.1,3.13,850,654,630,127,24,0
4/6/2018,1438,414,69,1957,573,1132,,550,650,127,6.1,5.3,7.6,7.1,3.13,9,7,7.5,7.2,2.95,780,550,650,96,25,0
4/7/2018,72,1438,24,691,,,,574,650,96,9,7,7.5,7.2,2.95,3,2.7,7.2,7.2,3.05,810,574,650,24,26,0
4/9/2018,159,72,24,839,,,,612,642,24,3,2.7,7.2,7.2,3.05,1.8,2,6.8,7.2,3.07,820,612,642,30,27,0
4/10/2018,60,159,24,553,244,26,,496,658,30,1.8,2,6.8,7.2,3.07,2.8,2,7.1,7,2.9,690,496,658,24,28,0
4/11/2018,61,60,24,986,244,590,,426,650,24,2.8,2,7.1,7,2.9,3.2,2,7.5,7.4,2.99,800,426,650,24,29,0
4/12/2018,70,61,24,906,37,2035,,350,654,24,3.2,2,7.5,7.4,2.99,3.1,2.5,7.1,7.3,2.94,750,350,654,77,30,0
4/13/2018,72,70,29,364,111,3001,,300,632,77,3.1,2.5,7.1,7.3,2.94,2.7,2,7.2,7.2,2.88,800,300,632,28,31,0
4/14/2018,415,72,24,637,402,285,,272,640,28,2.7,2,7.2,7.2,2.88,2.9,6.5,10.2,7.1,2.97,810,272,640,24,32,0
4/16/2018,661,415,24,367,885,226,,296,644,24,2.9,6.5,10.2,7.1,2.97,6,5,7.4,7.2,3.05,830,296,644,24,33,0
4/17/2018,3143,661,24,186,82800,592,,268,642,24,6,5,7.4,7.2,3.05,1.4,5,11,7.3,2.64,810,268,642,24,34,0
4/18/2018,1501,3143,24,402,937,1501,,260,642,24,1.4,5,11,7.3,2.64,1.8,2,11.5,8,3.08,770,260,642,779,0,1
4/19/2018,1519,1501,105,340,450,318,,388,648,779,1.8,2,11.5,8,3.08,2.8,2,10,8.3,3.04,730,388,648,980,1,1
4/20/2018,1358,1519,309,536,451,561,,574,648,980,2.8,2,10,8.3,3.04,2.5,1.8,7.7,8.8,2.88,810,574,648,998,2,1
4/22/2018,941,1358,211,232,,416,,716,692,998,2.5,1.8,7.7,8.8,2.88,5.7,5.5,7.5,7.5,2.8,780,716,692,756,3,1
4/24/2018,928,941,172,6860,,595,,730,714,756,5.7,5.5,7.5,7.5,2.8,12,6,6.8,7.4,2.81,780,730,714,481,4,1
4/25/2018,642,928,243,6840,,905,,736,710,481,12,6,6.8,7.4,2.81,2.5,9.5,7.2,7.5,2.86,720,736,710,473,5,1
4/26/2018,558,642,25,993,,644,,738,714,473,2.5,9.5,7.2,7.5,2.86,3.6,1.4,7,7.2,2.79,720,738,714,235,6,0
4/27/2018,704,558,230,1150,,602,,662,582,235,3.6,1.4,7,7.2,2.79,1.6,3.4,7.1,7.6,2.86,840,662,582,228,7,0
4/28/2018,956,704,125,255,,371,,604,638,228,1.6,3.4,7.1,7.6,2.86,5.7,3.2,6.3,7.4,2.77,790,604,638,356,8,1
4/30/2018,857,956,99,339,,175,,676,656,356,5.7,3.2,6.3,7.4,2.77,8,5.8,6.2,7.2,2.99,840,676,652,145,9,0
5/2/2018,655,857,205,1076,,1317,,676,652,145,8,5.8,6.2,7.2,2.99,9,7.8,7,7.3,2.75,760,630,644,206,10,0
5/3/2018,702,655,175,1500,,935,,630,644,206,9,7.8,7,7.3,2.75,,,,,,,,,153,11,0
5/4/2018,808,702,165,546,,301,,574,638,153,,,,,,8.2,7.9,7.1,7.5,3.13,850,574,638,202,12,0
5/6/2018,650,808,154,808,672,226,,510,638,202,8.2,7.9,7.1,7.5,3.13,,,,,,,,,145,13,0
5/7/2018,661,650,199,1243,,1000,,594,644,145,,,,,,2.3,4.5,7.3,7.1,2.93,850,594,644,145,14,0
5/8/2018,576,661,188,909,880,486,,474,646,145,2.3,4.5,7.3,7.1,2.93,7.6,2.5,7.2,7.1,2.9,810,486,648,217,15,0
5/9/2018,588,576,264,351,220,782,,474,646,217,7.6,2.5,7.2,7.1,2.9,3.4,5.8,7,7,2.71,810,474,646,189,16,0
5/10/2018,613,588,171,384,642,340,,474,638,189,3.4,5.8,7,7,2.71,6.4,5,7.2,7.1,2.83,840,474,638,155,17,0
5/11/2018,553,613,201,441,1106,1368,,398,636,155,6.4,5,7.2,7.1,2.83,2.6,2.5,7,7,2.84,860,398,636,128,18,0
5/12/2018,904,553,196,678,849,428,,350,638,128,2.6,2.5,7,7,2.84,9.2,2.4,8.8,7.4,2.94,850,350,638,122,19,0
5/14/2018,909,904,274,441,800,954,,380,464,122,9.2,2.4,8.8,7.4,2.94,1,1.5,6,7,2.93,830,290,640,161,20,0
5/15/2018,828,909,203,586,1525,1041,,290,640,161,1,1.5,6,7,2.93,,,,,,,,,107,21,0
5/16/2018,,828,,,,,,262,634,107,,,,,,9.8,3.8,6.5,7.1,2.8,800,262,634,100,22,0
5/17/2018,,,,,,,,228,634,100,9.8,3.8,6.5,7.1,2.8,6,4.2,7.1,7,2.99,850,228,634,126,23,0
5/18/2018,739,,190,223,116,805,,190,630,126,6,4.2,7.1,7,2.99,12,5,7,7,2.81,830,190,630,128,24,0
5/19/2018,518,739,152,437,284,955,,242,636,128,12,5,7,7,2.81,2,5.1,9.2,7.1,2.91,730,242,636,119,25,0
5/21/2018,356,518,271,486,156,947,,506,652,119,2,5.1,9.2,7.1,2.91,6.5,2,3.5,7,2.8,850,506,652,127,26,0
5/22/2018,1500,356,142,910,1500,600,,,,127,6.5,2,3.5,7,2.8,3.4,2.1,9.1,7.6,3.1,870,494,640,592,27,1
5/23/2018,3088,1500,158,653,,754,,580,650,592,3.4,2.1,9.1,7.6,3.1,2.4,1.8,9.2,7.6,2.97,880,580,650,545,0,1
5/24/2018,1501,3088,144,3500,,526,,636,654,545,2.4,1.8,9.2,7.6,2.97,1,1.8,10,7.6,2.58,840,636,654,340,1,1
5/25/2018,2955,1501,151,2105,,716,,632,660,340,1,1.8,10,7.6,2.58,1,1.3,10.2,7.5,2.63,840,632,660,218,2,0
5/26/2018,3054,2955,180,1095,,693,,600,582,218,1,1.3,10.2,7.5,2.63,1.3,1.1,9.8,8,2.94,890,600,582,548,3,1
5/28/2018,2720,3054,123,3501,,856,1323,656,588,548,1.3,1.1,9.8,8,2.94,7.8,1.5,9.5,7.5,2.88,890,656,588,55,4,0
5/29/2018,2509,2720,141,1013,,900,404,638,634,55,7.8,1.5,9.5,7.5,2.88,5.5,1.5,8.4,7.5,2.29,870,638,634,403,5,1
5/30/2018,2292,2509,171,1945,,449,344,,,403,5.5,1.5,8.4,7.5,2.29,1,1.5,7.7,7.5,2.24,870,678,648,369,6,1
6/1/2018,1485,2292,193,1058,,795,,,,369,1,1.5,7.7,7.5,2.24,1.5,1.5,7,7.3,2.31,850,690,670,192,7,0
6/2/2018,1417,1485,195,1480,,600,,,,192,1.5,1.5,7,7.3,2.31,,,,,,,,,508,8,1
6/4/2018,1710,1417,153,214,,,,,,508,,,,,,6,1,5,7.4,2.88,870,618,616,241,9,0
6/5/2018,1181,1710,160,979,184,749,379,,,241,6,1,5,7.4,2.88,10.1,12.1,6,7.3,2.95,880,514,634,371,0,1
6/6/2018,1222,1181,152,573,,829,323,,,371,10.1,12.1,6,7.3,2.95,2,3,6.7,7.3,2.79,850,610,634,238,1,0
6/7/2018,1317,1222,136,636,271,765,434,,,238,2,3,6.7,7.3,2.79,3.2,1.8,5.8,7.3,2.96,870,504,634,474,2,1
6/8/2018,936,1317,160,351,,599,928,,,474,3.2,1.8,5.8,7.3,2.96,3.9,2.1,5.2,7.2,2.8,850,564,634,342,3,1
6/9/2018,719,936,153,3500,,638,,,,342,3.9,2.1,5.2,7.2,2.8,11.2,3.3,5.2,7.2,2.87,860,642,656,287,4,1
6/11/2018,547,719,163,1005,,539,,,,287,11.2,3.3,5.2,7.2,2.87,8.2,3.4,5.2,7.1,2.79,860,704,666,150,5,0
6/12/2018,777,547,131,638,415,721,179,,,150,8.2,3.4,5.2,7.1,2.79,3.9,3.5,6.4,7.1,2.73,860,564,640,139,6,0
6/13/2018,509,777,152,,622,475,183,,,139,3.9,3.5,6.4,7.1,2.73,7.9,3,6.5,7.2,2.95,850,490,634,170,7,0
6/14/2018,832,509,123,35001,928,531,173,,,170,7.9,3,6.5,7.2,2.95,8.5,5,7,7.1,2.98,860,340,634,188,0,0
6/15/2018,1137,832,125,686,340,517,166,,,188,8.5,5,7,7.1,2.98,10.1,12,8.5,7.3,3.01,870,378,634,179,1,0
6/16/2018,601,1137,121,674,662,860,,,,179,10.1,12,8.5,7.3,3.01,4.6,3,7.1,7.2,2.49,860,320,634,141,2,0
6/18/2018,464,601,164,479,461,608,137,,,141,4.6,3,7.1,7.2,2.49,8,6,7.1,7.2,2.74,860,348,636,126,3,0
6/19/2018,625,464,70,1298,211,417,125,,,126,8,6,7.1,7.2,2.74,9.3,6.5,6.5,7,2.61,860,408,638,112,4,0
6/20/2018,800,625,80,1084,243,538,105,,,112,9.3,6.5,6.5,7,2.61,8.9,9,6.8,7,2.42,850,346,638,105,5,0
6/21/2018,323,800,129,635,211,628,105,,,105,8.9,9,6.8,7,2.42,2.6,6.8,7.3,7,3.04,880,192,636,105,6,0
6/22/2018,337,323,104,,,,117,,,105,2.6,6.8,7.3,7,3.04,6.5,6,7,7,2.93,860,228,636,,7,0
6/23/2018,,337,,,,,149,,,0,6.5,6,7,7,2.93,,,,,,,,,,8,0
6/25/2018,1118,,127,,,,,,,,,,,,,8.1,5.5,9.8,7.1,2.95,870,264,640,86,9,0
6/26/2018,1761,1118,65,,,,,,,86,8.1,5.5,9.8,7.1,2.95,5.4,5.8,10,7,2.59,850,314,650,70,10,0
6/27/2018,1896,1761,167,,,,,,,70,5.4,5.8,10,7,2.59,8.9,6.2,9.7,7,2.93,900,348,368,,11,0
6/28/2018,2057,1896,104,,,,,,,0,8.9,6.2,9.7,7,2.93,9.3,6.1,9.8,7.2,3.08,880,206,636,222,12,0
6/29/2018,,2057,,,,,,,,222,9.3,6.1,9.8,7.2,3.08,6.5,6.5,9.3,7.4,3.02,900,218,638,,13,0
6/30/2018,1489,,94,,,,,,,0,6.5,6.5,9.3,7.4,3.02,10.1,6.9,8.2,7.3,2.95,900,190,626,289,14,1
7/2/2018,861,1489,120,,,,,,,289,10.1,6.9,8.2,7.3,2.95,1.9,5.1,6.1,7.1,3.11,900,296,636,261,15,1
7/3/2018,1043,861,115,,,,,,,261,1.9,5.1,6.1,7.1,3.11,1.1,2,4.3,7,3.03,880,376,646,232,0,0
7/4/2018,1597,1043,132,,,,,,,232,1.1,2,4.3,7,3.03,1.5,1.5,6.5,7.2,3.01,880,284,626,382,1,1
7/5/2018,2046,1597,112,,,,,,,382,1.5,1.5,6.5,7.2,3.01,1,1,5.1,7,2.88,860,312,642,194,2,0
7/6/2018,3366,2046,86,,,,,,,194,1,1,5.1,7,2.88,2.8,6.5,5.5,7,2.2,850,218,626,279,3,1
7/7/2018,1500,3366,231,,,,,,,279,2.8,6.5,5.5,7,2.2,1.6,3,5.6,7,2.92,860,262,630,1500,4,1
7/9/2018,2196,1500,132,,,,,,,1500,1.6,3,5.6,7,2.92,2.9,1,5.6,6.9,3.04,890,332,638,113,5,0
7/10/2018,1866,2196,170,,,,,,,113,2.9,1,5.6,6.9,3.04,1.8,2.2,5.5,7,3.01,890,190,630,213,6,0
7/11/2018,1692,1866,477,,,,,,,213,1.8,2.2,5.5,7,3.01,8.8,6.6,7.5,7.3,3.15,890,216,624,135,7,0
7/12/2018,1785,1692,501,,,,,,,135,8.8,6.6,7.5,7.3,3.15,9.2,8,6.7,7,3.04,880,222,622,154,8,0
7/13/2018,1710,1785,427,,,,,,,154,9.2,8,6.7,7,3.04,4.3,5.4,6.8,7.1,3.18,900,218,622,98,9,0
7/14/2018,1215,1710,504,,,,,,,98,4.3,5.4,6.8,7.1,3.18,,,,,,,,,177,10,0
7/16/2018,551,1215,459,,,,,,,177,,,,,,9.3,9.8,6.7,7,3.42,900,260,622,128,11,0
7/17/2018,585,551,453,,,,,,,128,9.3,9.8,6.7,7,3.42,10.4,9.8,7.3,6.9,2.93,890,178,628,123,12,0
7/18/2018,615,585,425,,,,,,,123,10.4,9.8,7.3,6.9,2.93,10,9.6,6.4,6.9,2.99,890,220,634,112,13,0
7/19/2018,615,615,397,,,,,,,112,10,9.6,6.4,6.9,2.99,4.1,6.7,7,7,2.91,880,236,630,281,14,1
7/20/2018,301,615,342,,,,,,,281,4.1,6.7,7,7,2.91,10.4,5.5,6.7,6.9,2.87,880,212,632,92,15,0
7/21/2018,317,301,,,,,,,,92,10.4,5.5,6.7,6.9,2.87,5.2,6.5,7.1,7,2.84,880,202,634,102,16,0
7/23/2018,3232,317,,,,,,,,102,5.2,6.5,7.1,7,2.84,2.3,6,7,6.9,2.81,880,210,632,93,17,0
7/24/2018,352,3232,,,,,,,,93,2.3,6,7,6.9,2.81,8.7,4.8,7.2,6.8,3.09,900,244,632,119,18,0
7/25/2018,312,352,,,,,,,,119,8.7,4.8,7.2,6.8,3.09,6.2,9.8,7,7,2.85,890,248,632,93,19,0
7/26/2018,405,312,,,,,,,,93,6.2,9.8,7,7,2.85,5.3,5,6.5,6.9,2.52,890,266,622,100,20,0
7/27/2018,350,405,,,,,,,,100,5.3,5,6.5,6.9,2.52,8.5,4.2,7.1,6.9,1.98,840,190,630,95,21,0
7/28/2018,478,350,,,,,,,,95,8.5,4.2,7.1,6.9,1.98,1,6.2,7.1,6.9,2.15,860,324,652,74,22,0
7/30/2018,297,478,,,,,,,,74,1,6.2,7.1,6.9,2.15,,,,,,,,,66,23,0
7/31/2018,881,297,,,,,,,,66,,,,,,2.5,1,7,6.9,2.29,890,256,624,78,24,0
8/1/2018,1016,881,,,,,,,,78,2.5,1,7,6.9,2.29,3.7,5.2,9.8,7,2.87,900,230,632,215,25,0
8/2/2018,632,1016,390,,,,,,,215,3.7,5.2,9.8,7,2.87,5.3,4,7.2,7.1,2.01,860,324,636,88,26,0
8/3/2018,494,632,322,,,,,,,88,5.3,4,7.2,7.1,2.01,8,8,7,6.9,2.48,890,288,630,45,27,0
8/4/2018,962,494,350,,,,,,,45,8,8,7,6.9,2.48,8.9,6,6.8,7.2,2.41,880,382,634,170,28,0
8/6/2018,1601,962,125,,,,,,,170,8.9,6,6.8,7.2,2.41,1.4,3.2,6.5,7.1,2.53,880,406,636,42,29,0
8/7/2018,3400,1601,343,,,,,,,42,1.4,3.2,6.5,7.1,2.53,2.3,1.4,8.1,7.1,2.6,900,418,626,314,30,1
8/8/2018,8240,3400,337,,,,,,,314,2.3,1.4,8.1,7.1,2.6,9,3,10.1,7.1,2.37,890,528,642,189,31,0
8/9/2018,5620,8240,296,,,,,,,189,9,3,10.1,7.1,2.37,5.5,5.5,10.6,7.5,2.89,910,506,568,229,32,0
8/10/2018,1927,5620,292,,,,,,,229,5.5,5.5,10.6,7.5,2.89,12,8,7.3,7.5,3.15,920,524,572,267,0,1
8/11/2018,1500,1927,338,,,,,,,267,12,8,7.3,7.5,3.15,4.7,7.5,7.2,7.1,3.08,900,524,632,1500,1,1
8/13/2018,1030,1500,288,,,,,,,1500,4.7,7.5,7.2,7.1,3.08,8.1,6.1,6.5,7.3,2.91,900,610,648,268,2,1
8/14/2018,648,1030,292,,,,,,,268,8.1,6.1,6.5,7.3,2.91,9.1,6.5,7,7.2,2.03,870,656,660,180,3,0
8/15/2018,678,648,238,,,,,,,180,9.1,6.5,7,7.2,2.03,7.1,6.5,6.9,7.1,1.92,860,512,628,305,4,1
8/16/2018,557,678,259,,,,,,,305,7.1,6.5,6.9,7.1,1.92,8,6.1,6.9,7.3,1.48,840,582,636,332,5,1
8/17/2018,395,557,250,,,,,,,332,8,6.1,6.9,7.3,1.48,5.5,6.2,7,7.1,2.55,890,652,636,224,6,0
8/18/2018,533,395,241,,,,,,,224,5.5,6.2,7,7.1,2.55,5,5.3,6.8,7,2.73,900,458,630,329,7,1
8/20/2018,394,533,221,,,,,,,329,5,5.3,6.8,7,2.73,10.8,8,7,7.1,2.7,900,556,644,219,8,0
8/21/2018,400,394,234,,,,,,,219,10.8,8,7,7.1,2.7,8.2,6.8,6.5,7,2.63,890,344,632,202,9,0
8/22/2018,549,400,207,,,,,,,202,8.2,6.8,6.5,7,2.63,3.9,6.3,6.5,7,2.84,890,288,628,248,10,0
8/23/2018,367,549,249,,,,,,,248,3.9,6.3,6.5,7,2.84,3.3,4.1,7,7.2,2.97,900,270,628,277,11,1
8/24/2018,534,367,221,,,,,,,277,3.3,4.1,7,7.2,2.97,4.7,6.3,6.5,6.9,2.69,900,374,638,215,12,0
8/25/2018,342,534,195,,,,,,,215,4.7,6.3,6.5,6.9,2.69,7.8,5.1,8.2,6.9,3.05,910,316,632,115,13,0
8/27/2018,183,342,246,,,,,,,115,7.8,5.1,8.2,6.9,3.05,3.3,6,6.3,6.9,2.69,900,360,632,75,14,0
8/28/2018,204,183,182,,,,,,,75,3.3,6,6.3,6.9,2.69,9.7,6.5,7,6.8,2.61,890,264,630,62,15,0
8/29/2018,377,204,231,,,,,,,62,9.7,6.5,7,6.8,2.61,10,6.8,6.5,6.9,2.89,900,234,632,77,16,0
8/30/2018,411,377,217,,,,,,,77,10,6.8,6.5,6.9,2.89,9.6,6.2,6.7,6.8,3.13,910,230,636,90,17,0
8/31/2018,347,411,165,,,,,,,90,9.6,6.2,6.7,6.8,3.13,9.1,7.5,6.8,6.9,2.91,910,226,634,76,18,0
9/1/2018,440,347,,,,,,,,76,9.1,7.5,6.8,6.9,2.91,9.2,6.5,6.1,7,2.8,910,224,632,112,19,0
9/3/2018,443,440,,,,,,,,112,9.2,6.5,6.1,7,2.8,8.5,6.5,7.1,6.8,2.74,910,236,640,91,20,0
9/4/2018,363,443,247,,,,,,,91,8.5,6.5,7.1,6.8,2.74,6.9,4,6.8,7,2.65,890,274,634,81,0,0
9/5/2018,323,363,236,,,,,,,81,6.9,4,6.8,7,2.65,4.3,4.2,6.8,6.9,2.69,900,250,624,117,1,0
9/6/2018,354,323,247,,,,,,,117,4.3,4.2,6.8,6.9,2.69,7.7,5.2,7.3,7,2.98,910,260,630,96,2,0
9/8/2018,212,354,192,,,,,,,96,7.7,5.2,7.3,7,2.98,7.1,6,6.8,6.9,2.69,890,238,634,71,3,0
9/10/2018,465,212,216,,,,,,,71,7.1,6,6.8,6.9,2.69,6.3,9,6.8,6.9,2.2,870,308,638,65,4,0
9/11/2018,884,465,236,,,,,,,65,6.3,9,6.8,6.9,2.2,5.2,4.2,6.3,7,2.29,890,250,634,99,5,0
9/12/2018,624,884,197,,,,,,,99,5.2,4.2,6.3,7,2.29,6.6,4,6.5,6.9,2.32,880,240,634,93,6,0
9/13/2018,385,624,228,,,,,,,93,6.6,4,6.5,6.9,2.32,9.9,4.1,6.5,7.2,2.47,880,240,634,139,7,0
9/14/2018,455,385,207,,,,,,,139,9.9,4.1,6.5,7.2,2.47,10.7,10,6.5,7.1,2.5,880,252,634,151,8,0
9/15/2018,299,455,86,,,,,,,151,10.7,10,6.5,7.1,2.5,7.7,4,6,7,2.63,880,422,636,166,9,0
9/17/2018,316,299,87,,,,,,,166,7.7,4,6,7,2.63,3.8,5,6.4,7,2.51,870,364,640,119,10,0
9/18/2018,235,316,117,,,,,,,119,3.8,5,6.4,7,2.51,8.8,6.5,6.6,6.9,2.71,880,282,642,141,11,0
9/19/2018,250,235,130,,,,,,,141,8.8,6.5,6.6,6.9,2.71,7.9,6,6.5,6.9,2.68,880,226,636,79,12,0
9/20/2018,379,250,124,,,,,,,79,7.9,6,6.5,6.9,2.68,3.2,4.7,7.3,7.1,2.55,830,248,636,75,13,0
9/21/2018,127,379,395,,,,,,,75,3.2,4.7,7.3,7.1,2.55,5,9,7.5,7,2.6,860,248,636,90,14,0
9/22/2018,313,127,123,,,,,,,90,5,9,7.5,7,2.6,2.5,9.2,7,6.9,2.73,880,212,638,117,15,0
9/24/2018,302,313,146,,,,,,,117,2.5,9.2,7,6.9,2.73,10.5,9.5,7.5,7,2.28,850,252,674,86,16,0
9/25/2018,397,302,122,,,,,,,86,10.5,9.5,7.5,7,2.28,5.6,10,6.2,6.9,2.49,860,188,634,109,17,0
9/26/2018,556,397,112,,,,,,,109,5.6,10,6.2,6.9,2.49,12.5,10.2,7.8,6.9,2.54,860,222,634,163,18,0
9/27/2018,316,556,,,,,,,,163,12.5,10.2,7.8,6.9,2.54,11.4,11,7.8,7,2.6,860,198,634,69,19,0
9/28/2018,382,316,310,,,,,,,69,11.4,11,7.8,7,2.6,10.7,11.5,9,7,2.61,860,278,640,150,20,0
9/29/2018,,382,,,,,,,,150,10.7,11.5,9,7,2.61,3.5,5.5,6.5,7,2.5,850,338,640,250,21,0
10/1/2018,302,,287,,,,,,,250,3.5,5.5,6.5,7,2.5,9.5,8,6.5,7.1,2.75,870,304,644,205,22,0
10/2/2018,621,302,191,,,,,,,205,9.5,8,6.5,7.1,2.75,11.2,13.1,10,7.2,2.68,870,254,634,169,23,0
10/3/2018,1850,621,130,,,,,,,169,11.2,13.1,10,7.2,2.68,11.5,12,10.5,7.4,2.81,870,226,634,221,24,0
10/4/2018,2053,1850,25,,,,,,,221,11.5,12,10.5,7.4,2.81,11.8,12,7.5,7.5,2.76,870,184,634,106,25,0
10/5/2018,2286,2053,184,,,,,,,106,11.8,12,7.5,7.5,2.76,12,12,8.1,7.4,2.9,860,232,638,114,26,0
10/6/2018,,2286,,,,,,,,114,12,12,8.1,7.4,2.9,9,12.2,7.8,7.2,2.81,860,202,634,88,27,0
10/8/2018,1312,,130,,,,,,,88,9,12.2,7.8,7.2,2.81,11.4,11.1,7,7.2,2.94,860,396,674,134,28,0
10/9/2018,1403,1312,150,,,,,,,134,11.4,11.1,7,7.2,2.94,10,10.1,7.4,7.3,2.96,880,298,636,173,0,0
10/10/2018,1418,1403,136,,,,,,,173,10,10.1,7.4,7.3,2.96,7.6,7,7.3,7.2,2.61,870,238,640,155,1,0
10/11/2018,553,1418,69,,,,,,,155,7.6,7,7.3,7.2,2.61,6.5,4.5,6.5,7.4,2.92,880,668,646,164,2,0
10/13/2018,661,553,50,,,,,,,164,6.5,4.5,6.5,7.4,2.92,7.5,4,6.5,7.1,2.89,880,690,650,110,3,0
10/15/2018,514,661,40,,,,,,,110,7.5,4,6.5,7.1,2.89,9.4,2,6.5,7,2.95,880,694,646,120,4,0
10/16/2018,337,514,62,,,,,,,120,9.4,2,6.5,7,2.95,11.3,10,6,7,2.82,870,582,642,204,5,0
10/17/2018,421,337,49,,,,,,,204,11.3,10,6,7,2.82,9.5,10.2,6.1,6.9,2.7,860,456,642,189,6,0
10/18/2018,694,421,52,,,,,,,189,9.5,10.2,6.1,6.9,2.7,7,6.5,6.5,7.1,2.75,860,346,642,107,7,0
10/19/2018,651,694,25,,,,,,,107,7,6.5,6.5,7.1,2.75,11.7,11,6.5,6.9,2.9,880,248,636,86,8,0
10/20/2018,1526,651,70,,,,,,,86,11.7,11,6.5,6.9,2.9,8.5,10.4,9.5,7,2.98,890,256,638,143,9,0
10/22/2018,613,1526,24,,,,,,,143,8.5,10.4,9.5,7,2.98,10.1,9.8,6.5,7,2.66,870,256,644,84,10,0
10/23/2018,561,613,21,,,,,,,84,10.1,9.8,6.5,7,2.66,10.8,9.5,7,7.2,3.11,900,260,634,146,11,0
10/24/2018,1554,561,52,,,,,,,146,10.8,9.5,7,7.2,3.11,10.1,10,7,7,3.03,900,222,638,106,12,0
10/25/2018,419,1554,70,,,,,,,106,10.1,10,7,7,3.03,5.5,2,6.2,7.2,2.98,900,330,636,144,13,0
10/26/2018,293,419,62,,,,,,,144,5.5,2,6.2,7.2,2.98,6,2,7,7.1,2.91,900,256,642,128,14,0
10/27/2018,566,293,59,,,,,,,128,6,2,7,7.1,2.91,9.8,7.5,6.5,7.2,2.89,900,272,636,67,15,0
10/29/2018,159,566,50,,,,,,,67,9.8,7.5,6.5,7.2,2.89,10.5,10.5,7,7,2.88,890,412,636,120,16,0
10/30/2018,160,159,25,,,,,,,120,10.5,10.5,7,7,2.88,5.1,10,7,7,3.02,900,328,638,198,17,0
10/31/2018,175,160,24,,,,,,,198,5.1,10,7,7,3.02,,,,,,,,,62,18,0
11/1/2018,203,175,23,,,,,,,62,,,,,,10,7.5,6.5,7.1,2.94,900,226,634,115,19,0
11/3/2018,268,203,62,,,,,,,115,10,7.5,6.5,7.1,2.94,5.9,6.3,7,6.9,3.08,900,244,642,101,20,0
11/5/2018,300,268,66,,,,,,,101,5.9,6.3,7,6.9,3.08,9,3,7,7.2,2.91,900,356,640,75,21,0
11/6/2018,166,300,73,,,,,,,75,9,3,7,7.2,2.91,10,9.5,6.5,7,2.85,900,246,636,175,22,0
11/7/2018,335,166,56,,,,,,,175,10,9.5,6.5,7,2.85,7.4,12,7.5,7.3,3.03,920,218,638,112,0,0
11/8/2018,592,335,51,,,,,,,112,7.4,12,7.5,7.3,3.03,6.9,5,7,7.2,2.9,900,560,650,72,1,0
11/9/2018,348,592,57,,,,,,,72,6.9,5,7,7.2,2.9,7.5,9.5,6.8,7.3,3.05,910,500,660,71,2,0
11/10/2018,351,348,40,,,,,,,71,7.5,9.5,6.8,7.3,3.05,11,5.5,8.5,7.2,3.06,910,562,658,180,3,0
11/12/2018,167,351,45,,,,,,,180,11,5.5,8.5,7.2,3.06,10,10,7.5,7.3,2.79,910,420,644,120,4,0
11/13/2018,197,167,49,,,,,,,120,10,10,7.5,7.3,2.79,10,10,8,7,3,900,294,636,68,5,0
11/14/2018,189,197,51,,,,,,,68,10,10,8,7,3,,,,,,,,,88,6,0
11/16/2018,735,189,29,,,,,,,88,,,,,,11.5,8,10,7,3.1,910,298,646,108,7,0
11/17/2018,545,735,34,,,,,,,108,11.5,8,10,7,3.1,10.6,9,8,7,3.15,910,208,636,89,8,0
11/19/2018,105,545,18,,,,,,,89,10.6,9,8,7,3.15,9.9,7,7,7,3.04,900,228,640,45,9,0
11/21/2018,83,105,19,,,,,,,45,9.9,7,7,7,3.04,3.7,4,6,7,3.2,910,500,646,109,10,0
11/22/2018,160,83,25,,,,,,,109,3.7,4,6,7,3.2,4,4,7,7,3,900,410,636,76,11,0
11/23/2018,141,160,25,,,,,,,76,4,4,7,7,3,10.4,4,7,7,2.5,910,324,634,84,12,0
11/24/2018,128,141,27,,,,,,,84,10.4,4,7,7,2.5,9.9,5,7,7.5,2.7,910,220,632,100,13,0
11/25/2018,130,128,50,,,,,,,100,9.9,5,7,7.5,2.7,,,,,,,,,95,14,0
11/26/2018,130,130,50,,,,,,,95,,,,,,,,,,,,,,95,15,0
11/27/2018,100,130,124,,,,,,,95,,,,,,,,,,,,,,155,16,0
11/28/2018,100,100,90,,,,,,,155,,,,,,,,,,,,,,54,17,0
11/29/2018,,100,,,,,,,,54,,,,,,,,,,,,,,,18,0
11/30/2018,,,,,,,,,,0,,,,,,,,,,,,,,,19,0
12/3/2018,131,,80,,,,,,,0,,,,,,5.9,4,7,7,2.8,910,474,632,64,20,0
12/4/2018,115,131,73,,,,,,,64,5.9,4,7,7,2.8,6,8,7,7,2.84,910,414,652,83,21,0
12/5/2018,138,115,69,,,,,,,83,6,8,7,7,2.84,5.1,6,7,7,2.98,920,348,648,229,22,0
12/7/2018,194,138,77,,,,,,,229,5.1,6,7,7,2.98,6,2,6,7,2.75,900,286,634,51,23,0
12/10/2018,123,194,44,,,,,,,51,6,2,6,7,2.75,,,,,,,,,50,24,0
12/11/2018,109,123,66,,,,,,,50,,,,,,8.2,5,6,7,2.85,920,432,654,90,0,0
12/12/2018,86,109,53,,,,,,,90,8.2,5,6,7,2.85,8.4,6,7,7,2.71,900,362,656,139,1,0
12/13/2018,157,86,68,,,,,,,139,8.4,6,7,7,2.71,8.4,5,6,7,2.58,890,262,632,97,2,0
12/14/2018,247,157,46,,,,,,,97,8.4,5,6,7,2.58,7.1,7,7,7,2.8,910,266,632,108,3,0
12/18/2018,140,247,48,,,,,,,108,7.1,7,7,7,2.8,10.2,7,7,7,2.9,910,350,652,176,4,0
12/19/2018,93,140,82,,,,,,,176,10.2,7,7,7,2.9,7.9,5,7,7,2.54,890,264,636,61,5,0
12/20/2018,176,93,59,,,,,,,61,7.9,5,7,7,2.54,6.5,6,7,7,2.9,900,230,636,213,6,0
12/21/2018,186,176,68,,,,,,,213,6.5,6,7,7,2.9,6.7,5,7,7,2.9,910,240,638,221,7,0
12/26/2018,174,186,84,,,,,,,221,6.7,5,7,7,2.9,6.3,5,6,7,2.65,900,326,640,106,8,0
12/28/2018,145,174,68,,,,,,,106,6.3,5,6,7,2.65,10.6,10,7,7,2.5,890,194,634,187,9,0
12/31/2018,186,145,55,,,,,,,187,10.6,10,7,7,2.5,10.4,7,7,7,2.99,920,264,650,375,10,1
1/2/2019,90,186,500,,,,,,,375,10.4,7,7,7,2.99,8.2,5,6,7,2.98,910,670,664,81,11,0
1/3/2019,108,90,46,,,,,,,81,8.2,5,6,7,2.98,11.1,8,7,7,2.93,920,562,650,158,12,0
1/7/2019,100,108,62,,,,,,,158,11.1,8,7,7,2.93,4.5,3,6,7,3,930,302,638,142,13,0
1/8/2019,142,100,25,,,,,,,142,4.5,3,6,7,3,12.7,9,7,7,2.89,920,220,638,197,14,0
1/9/2019,136,142,44,,,,,,,197,12.7,9,7,7,2.89,6.9,8,7,7,2.75,880,198,636,89,15,0
1/10/2019,185,136,35,,,,,,,89,6.9,8,7,7,2.75,8.3,6,7,7,2.73,900,220,632,70,16,0
1/11/2019,209,185,25,,,,,,,70,8.3,6,7,7,2.73,6,4,7,7,2.88,910,218,636,129,17,0
1/12/2019,170,209,62,,,,,,,129,6,4,7,7,2.88,5,4,7,7,3.1,920,172,634,95,18,0
1/13/2019,109,170,80,,,,,,,95,5,4,7,7,3.1,,,,,,,,,144,19,0
1/15/2019,191,109,42,,,,,,,144,,,,,,12.5,13,10,7,2.73,880,252,636,49,1,0
1/16/2019,279,191,37,,,,,,,49,12.5,13,10,7,2.73,6.1,12,8,7.5,2.95,910,206,638,186,2,0
1/17/2019,625,279,86,,,,,,,186,6.1,12,8,7.5,2.95,10,12,7,7,2.9,910,256,640,112,3,0
1/18/2019,583,625,77,,,,,,,112,10,12,7,7,2.9,2.3,3,7,7,2.79,900,232,634,235,4,0
1/19/2019,791,583,80,,,,,,,235,2.3,3,7,7,2.79,8.9,6,6,7,2.8,900,228,636,189,5,0
1/21/2019,127,791,81,,,,,,,189,8.9,6,6,7,2.8,9.4,5,7,7,2.9,900,334,642,220,6,0
1/22/2019,176,127,81,,,,,,,220,9.4,5,7,7,2.9,8.3,7,8,7,2.96,910,358,636,140,7,0
1/23/2019,225,176,76,,,,,,,140,8.3,7,8,7,2.96,10,9,7,7,2.8,900,314,636,103,8,0
1/24/2019,221,225,76,,,,,,,103,10,9,7,7,2.8,11.5,10,7,7,2.5,870,232,634,138,9,0
1/25/2019,406,221,62,,,,,,,138,11.5,10,7,7,2.5,9.3,12,7,7,2.63,890,226,632,145,10,0
1/26/2019,225,406,76,,,,,,,145,9.3,12,7,7,2.63,8.7,11,7,7,2.72,900,262,638,103,11,0
1/27/2019,221,225,76,,,,,,,103,8.7,11,7,7,2.72,,,,,,,,,138,12,0
1/28/2019,406,221,62,,,,,,,138,,,,,,9.6,9,7,7,2.8,900,218,628,145,13,0
1/29/2019,397,406,75,,,,,,,145,9.6,9,7,7,2.8,8.5,8,7,7,2.6,850,192,632,235,14,0
1/30/2019,491,397,94,,,,,,,235,8.5,8,7,7,2.6,9.5,6,8,7,2.7,870,200,632,193,15,0
2/4/2019,280,491,56,,,,,,,193,9.5,6,8,7,2.7,9.1,7,7,7,2.85,890,246,638,149,16,0
2/5/2019,302,280,32,,,,,,,149,9.1,7,7,7,2.85,5.3,5,6,7,2.7,870,740,674,113,17,0
2/6/2019,230,302,88,,,,,,,113,5.3,5,6,7,2.7,6.6,10,7,7,2.75,870,626,636,77,18,0
2/7/2019,116,230,48,,,,,,,77,6.6,10,7,7,2.75,4.4,5,6,7,2.8,900,646,644,101,19,0
2/8/2019,161,116,41,,,,,,,101,4.4,5,6,7,2.8,10.5,10,6,7,2.91,910,534,628,102,20,0
2/11/2019,170,161,26,,,,,,,102,10.5,10,6,7,2.91,9.2,6,7,7,3.05,920,440,628,88,21,0
2/12/2019,124,170,29,,,,,,,88,9.2,6,7,7,3.05,8.8,7,7,7,2.92,910,340,630,60,22,0
2/13/2019,435,124,42,,,,,,,60,8.8,7,7,7,2.92,4.2,7,7,7,3.1,910,384,642,168,23,0
